{
  "project_info": {
    "project_number": "268134398132",
    "project_id": "to-do-app-cd36a",
    "storage_bucket": "to-do-app-cd36a.firebasestorage.app"
  },
  "client": [
    {
      "client_info": {
        "mobilesdk_app_id": "1:268134398132:android:7f3b493ab8ddcc1dd0bfe1",
        "android_client_info": {
          "package_name": "com.example.to_do"
        }
      },
      "oauth_client": [],
      "api_key": [
        {
          "current_key": "AIzaSyDaZimiYmT5sRCVhMrISui0UREtCJxAe30"
        }
      ],
      "services": {
        "appinvite_service": {
          "other_platform_oauth_client": []
        }
      }
    }
  ],
  "configuration_version": "1"
}